geolocation_zip_code_prefix,geolocation_lat,geolocation_lng,geolocation_city,geolocation_state
20000,-22.530333264076006,-47.97820836090004,rio de janeiro,RJ
20091,-23.080680691879103,-45.72955125144481,salvador,BA
20091,-24.685610750690188,-46.06304816445968,salvador,BA
20182,-23.47836376760805,-47.59551499172043,salvador,BA
20182,-21.867363815125714,-48.39680442534988,salvador,BA
20273,-23.805696909745095,-47.493279104111,belo horizonte,MG
20273,-25.48581724364887,-45.515523107921496,belo horizonte,MG
20273,-22.95154649079448,-47.55217895026261,belo horizonte,MG
20364,-23.732657952556597,-45.77733021296004,porto alegre,RS
20364,-23.256372540901015,-48.15250447764266,porto alegre,RS
20364,-21.719796243813445,-45.8359215049765,porto alegre,RS
20455,-23.31763884317791,-45.261619920455935,belo horizonte,MG
20546,-23.289899613020008,-46.880853148476916,sao paulo,SP
20546,-25.33268456732457,-47.141393938690975,sao paulo,SP
20546,-21.767647957917383,-44.71121493993096,sao paulo,SP
20637,-21.904301453894103,-47.759693846640985,sao paulo,SP
20728,-22.83226635745783,-47.185285461541525,porto alegre,RS
20819,-21.963461194195965,-46.97449044067153,curitiba,PR
20819,-23.01735395939715,-47.98178664667118,curitiba,PR
20819,-21.7804759372253,-45.141577215120144,curitiba,PR
20910,-21.974335181346703,-48.50085455240725,curitiba,PR
21001,-21.802050819033816,-45.47045401540947,sao paulo,SP
21001,-23.853147333793785,-45.920371482847216,sao paulo,SP
21001,-22.559769844688496,-47.6073310355304,sao paulo,SP
21092,-22.350501963458115,-48.167617494388175,sao paulo,SP
21183,-22.065626994648873,-47.710265129817344,curitiba,PR
21274,-24.101366302216327,-45.31785447611375,rio de janeiro,RJ
21274,-22.014707856547968,-47.708305811176764,rio de janeiro,RJ
21365,-24.727480846689165,-47.286952195209174,curitiba,PR
21365,-22.042588231878856,-44.73244358380656,curitiba,PR
21365,-24.383500029112515,-46.03407304556949,curitiba,PR
21456,-22.781927526558945,-45.22535534691168,belo horizonte,MG
21456,-24.175400527142372,-48.48959785952146,belo horizonte,MG
21547,-24.785728735310144,-44.74986273695378,rio de janeiro,RJ
21547,-24.438134549908124,-48.16638981114116,rio de janeiro,RJ
21638,-24.1172515532808,-45.454287287185274,belo horizonte,MG
21638,-23.75442446451757,-44.66305660273364,belo horizonte,MG
21729,-23.959218266621093,-46.293647826013604,sao paulo,SP
21820,-25.322453865147075,-46.85576993818011,rio de janeiro,RJ
21820,-23.42031860573366,-45.37395652119959,rio de janeiro,RJ
21911,-22.622280003420617,-45.632199688642096,belo horizonte,MG
21911,-22.817485982268003,-47.14311411287495,belo horizonte,MG
21911,-25.22010475549476,-45.94304926035491,belo horizonte,MG
22002,-23.007378360214364,-45.94645009493782,belo horizonte,MG
22002,-25.00149873734253,-44.999812659611635,belo horizonte,MG
22093,-24.262861351165387,-46.966428365523136,rio de janeiro,RJ
22093,-23.8903984517691,-47.41737918989622,rio de janeiro,RJ
22093,-24.990848803763388,-46.91821466490837,rio de janeiro,RJ
22184,-22.790728218909067,-44.98877781706967,porto alegre,RS
22184,-23.037940336194477,-47.39620050173774,porto alegre,RS
22275,-22.16509932278377,-47.38450020292659,curitiba,PR
22275,-24.659269260469433,-45.456964690089684,curitiba,PR
22275,-23.07335371808095,-47.31100308105385,curitiba,PR
22366,-23.73136080278077,-47.7451943960436,salvador,BA
22366,-23.607255256362695,-44.995276696686986,salvador,BA
22457,-24.82123441520778,-48.26081785309952,belo horizonte,MG
22457,-23.438191960339132,-46.06823657693682,belo horizonte,MG
22457,-24.159246978360798,-45.326306141853344,belo horizonte,MG
22548,-22.808817317771332,-47.70143733601085,curitiba,PR
22639,-24.91058415101691,-48.41514512762897,salvador,BA
22730,-23.05490410775728,-45.52604264399921,curitiba,PR
22730,-23.678335326479644,-45.05545236379608,curitiba,PR
22821,-24.722259053041164,-45.814582998037984,sao paulo,SP
22821,-23.522491323958253,-47.62406224168625,sao paulo,SP
22821,-22.875767955552863,-48.57782072744787,sao paulo,SP
22912,-22.3863183729307,-47.724635452750725,salvador,BA
23003,-23.428168998225036,-48.39912645943744,curitiba,PR
23003,-24.503206881360114,-45.20665461059336,curitiba,PR
23003,-23.67415269811931,-45.39433359311094,curitiba,PR
23094,-23.375472456577647,-46.36429883851253,belo horizonte,MG
23094,-24.23080817013861,-45.578999945776886,belo horizonte,MG
23094,-23.729706298927894,-45.33997397067326,belo horizonte,MG
23185,-23.79303697256538,-44.97258107817555,salvador,BA
23185,-23.7163455516932,-47.963368369828004,salvador,BA
23185,-22.05402036086695,-46.79972097101237,salvador,BA
23276,-22.140548448632316,-47.49075458747704,sao paulo,SP
23367,-23.561611931718932,-47.64301654474147,rio de janeiro,RJ
23367,-23.74050962694039,-45.74582054955577,rio de janeiro,RJ
23367,-24.562025687941457,-47.256609853514746,rio de janeiro,RJ
23458,-25.177689369369325,-47.996677367947655,belo horizonte,MG
23458,-23.967858830274647,-47.98877893369141,belo horizonte,MG
23458,-24.64418849157605,-46.940528416407126,belo horizonte,MG
23549,-23.32955543798434,-46.93690306358738,sao paulo,SP
23549,-24.672662441942357,-46.9194259289063,sao paulo,SP
10000,-21.715751865639596,-48.52187217304909,salvador,BA
10000,-21.977373308968705,-46.29723861275968,salvador,BA
10000,-23.592081069770572,-44.829033370263616,salvador,BA
10137,-22.486099499762457,-45.18620819772358,salvador,BA
10137,-21.686278646119575,-46.92391486948071,salvador,BA
10274,-22.561463756974568,-45.40052731623493,rio de janeiro,RJ
10274,-21.908754610403218,-46.647082089799,rio de janeiro,RJ
10274,-24.408258752946974,-46.657432024806,rio de janeiro,RJ
10411,-24.155481825206472,-45.883432459886606,sao paulo,SP
10411,-23.88273332344945,-47.93982107518597,sao paulo,SP
10548,-21.821833517324094,-44.67711208992431,curitiba,PR
10548,-23.363505481869982,-44.972284549652926,curitiba,PR
10685,-23.242432067900904,-48.49159181463875,sao paulo,SP
10685,-22.92900140796266,-48.057202051077745,sao paulo,SP
10685,-23.65320622379395,-48.39886146604549,sao paulo,SP
10822,-24.190589332233063,-46.78120269993407,rio de janeiro,RJ
10822,-24.149997807704516,-45.08144005599242,rio de janeiro,RJ
10959,-22.491960705780862,-45.27230285937891,sao paulo,SP
10959,-24.49091387287048,-48.27237506895343,sao paulo,SP
