order_id,customer_id,order_status,order_purchase_timestamp,order_approved_at,order_delivered_carrier_date,order_delivered_customer_date,order_estimated_delivery_date
order_0000,customer_027,delivered,2017-03-03 02:00:00,2017-03-04 19:00:00,2017-03-05 19:00:00,2017-03-07 19:00:00,2017-03-28 02:00:00
order_0001,customer_023,processing,2017-01-15 05:00:00,2017-01-15 13:00:00,2017-01-18 13:00:00,,2017-01-19 05:00:00
order_0002,customer_025,processing,2017-04-03 11:00:00,2017-04-05 06:00:00,2017-04-07 06:00:00,,2017-04-08 11:00:00
order_0003,customer_036,delivered,2017-02-03 14:00:00,2017-02-03 15:00:00,2017-02-05 15:00:00,2017-02-13 15:00:00,2017-02-09 14:00:00
order_0004,customer_013,canceled,2017-06-29 04:00:00,2017-06-30 10:00:00,2017-07-03 10:00:00,,2017-07-06 04:00:00
order_0005,customer_028,canceled,2017-10-02 01:00:00,2017-10-03 11:00:00,2017-10-06 11:00:00,,2017-10-13 01:00:00
order_0006,customer_017,delivered,2017-03-31 09:00:00,2017-04-01 15:00:00,2017-04-03 15:00:00,2017-04-13 15:00:00,2017-04-11 09:00:00
order_0007,customer_010,processing,2017-08-28 22:00:00,2017-08-29 16:00:00,2017-08-31 16:00:00,,2017-09-07 22:00:00
order_0008,customer_024,canceled,2017-03-15 05:00:00,2017-03-17 00:00:00,2017-03-19 00:00:00,,2017-03-28 05:00:00
order_0009,customer_033,delivered,2017-04-22 14:00:00,2017-04-23 02:00:00,2017-04-25 02:00:00,2017-04-29 02:00:00,2017-05-06 14:00:00
order_0010,customer_032,processing,2017-07-10 16:00:00,2017-07-12 07:00:00,2017-07-15 07:00:00,,2017-07-21 16:00:00
order_0011,customer_012,delivered,2017-12-26 08:00:00,2017-12-26 21:00:00,2017-12-27 21:00:00,2017-12-31 21:00:00,2018-01-11 08:00:00
order_0012,customer_016,canceled,2017-03-22 17:00:00,2017-03-24 14:00:00,2017-03-26 14:00:00,,2017-04-14 17:00:00
order_0013,customer_020,delivered,2017-04-24 10:00:00,2017-04-24 12:00:00,2017-04-25 12:00:00,2017-04-30 12:00:00,2017-05-04 10:00:00
order_0014,customer_009,canceled,2017-01-11 17:00:00,2017-01-12 13:00:00,2017-01-15 13:00:00,,2017-02-01 17:00:00
order_0015,customer_005,processing,2017-05-03 07:00:00,2017-05-04 17:00:00,2017-05-06 17:00:00,,2017-05-19 07:00:00
order_0016,customer_011,delivered,2017-03-25 14:00:00,2017-03-26 13:00:00,2017-03-29 13:00:00,2017-04-06 13:00:00,2017-04-05 14:00:00
order_0017,customer_008,processing,2017-08-25 17:00:00,2017-08-26 01:00:00,2017-08-29 01:00:00,,2017-09-03 17:00:00
order_0018,customer_035,processing,2017-10-31 01:00:00,2017-11-01 12:00:00,2017-11-04 12:00:00,,2017-11-08 01:00:00
order_0019,customer_030,shipped,2017-09-12 01:00:00,2017-09-13 08:00:00,2017-09-15 08:00:00,,2017-10-03 01:00:00
order_0020,customer_018,delivered,2017-03-01 15:00:00,2017-03-01 22:00:00,2017-03-02 22:00:00,2017-03-07 22:00:00,2017-03-11 15:00:00
order_0021,customer_037,processing,2017-10-01 15:00:00,2017-10-01 16:00:00,2017-10-04 16:00:00,,2017-10-21 15:00:00
order_0022,customer_021,shipped,2017-08-13 23:00:00,2017-08-14 03:00:00,2017-08-17 03:00:00,,2017-08-25 23:00:00
order_0023,customer_031,delivered,2017-10-28 04:00:00,2017-10-29 12:00:00,2017-10-30 12:00:00,2017-10-31 12:00:00,2017-11-18 04:00:00
order_0024,customer_029,processing,2017-05-05 09:00:00,2017-05-06 14:00:00,2017-05-08 14:00:00,,2017-05-13 09:00:00
order_0025,customer_007,delivered,2017-08-24 09:00:00,2017-08-24 17:00:00,2017-08-25 17:00:00,2017-09-01 17:00:00,2017-09-11 09:00:00
order_0026,customer_038,delivered,2017-03-11 04:00:00,2017-03-13 00:00:00,2017-03-14 00:00:00,2017-03-17 00:00:00,2017-03-18 04:00:00
order_0027,customer_019,delivered,2017-07-29 22:00:00,2017-07-30 14:00:00,2017-07-31 14:00:00,2017-08-09 14:00:00,2017-08-14 22:00:00
order_0028,customer_000,delivered,2017-03-01 05:00:00,2017-03-01 20:00:00,2017-03-04 20:00:00,2017-03-11 20:00:00,2017-03-18 05:00:00
order_0029,customer_026,canceled,2017-08-01 06:00:00,2017-08-02 10:00:00,2017-08-04 10:00:00,,2017-08-22 06:00:00
order_0030,customer_006,delivered,2017-12-01 05:00:00,2017-12-03 05:00:00,2017-12-04 05:00:00,2017-12-08 05:00:00,2017-12-24 05:00:00
order_0031,customer_015,shipped,2017-08-18 03:00:00,2017-08-18 09:00:00,2017-08-19 09:00:00,,2017-08-28 03:00:00
order_0032,customer_039,shipped,2017-03-24 22:00:00,2017-03-25 09:00:00,2017-03-26 09:00:00,,2017-04-09 22:00:00
order_0033,customer_002,canceled,2017-01-13 05:00:00,2017-01-14 12:00:00,2017-01-16 12:00:00,,2017-01-17 05:00:00
order_0034,customer_004,shipped,2017-08-06 02:00:00,2017-08-06 21:00:00,2017-08-09 21:00:00,,2017-08-23 02:00:00
order_0035,customer_014,delivered,2017-01-14 17:00:00,2017-01-15 10:00:00,2017-01-18 10:00:00,2017-01-28 10:00:00,2017-02-07 17:00:00
order_0036,customer_022,shipped,2017-05-28 21:00:00,2017-05-30 08:00:00,2017-05-31 08:00:00,,2017-06-20 21:00:00
order_0037,customer_003,shipped,2017-08-17 20:00:00,2017-08-18 01:00:00,2017-08-19 01:00:00,,2017-08-25 20:00:00
order_0038,customer_034,processing,2017-03-02 01:00:00,2017-03-03 14:00:00,2017-03-05 14:00:00,,2017-03-19 01:00:00
order_0039,customer_001,delivered,2017-05-06 02:00:00,2017-05-06 22:00:00,2017-05-09 22:00:00,2017-05-16 22:00:00,2017-05-17 02:00:00
order_0040,customer_032,delivered,2017-04-23 10:00:00,2017-04-23 16:00:00,2017-04-26 16:00:00,2017-04-27 16:00:00,2017-05-09 10:00:00
order_0041,customer_020,delivered,2017-08-26 00:00:00,2017-08-26 06:00:00,2017-08-27 06:00:00,2017-09-06 06:00:00,2017-09-16 00:00:00
order_0042,customer_001,delivered,2017-08-16 06:00:00,2017-08-16 09:00:00,2017-08-17 09:00:00,2017-08-25 09:00:00,2017-09-04 06:00:00
order_0043,customer_028,processing,2017-09-30 06:00:00,2017-10-01 10:00:00,2017-10-04 10:00:00,,2017-10-18 06:00:00
order_0044,customer_005,canceled,2017-07-06 11:00:00,2017-07-07 09:00:00,2017-07-09 09:00:00,,2017-07-30 11:00:00
order_0045,customer_006,shipped,2017-07-16 11:00:00,2017-07-18 08:00:00,2017-07-20 08:00:00,,2017-07-28 11:00:00
order_0046,customer_025,delivered,2017-12-13 10:00:00,2017-12-13 16:00:00,2017-12-15 16:00:00,2017-12-20 16:00:00,2017-12-26 10:00:00
order_0047,customer_007,canceled,2017-04-13 00:00:00,2017-04-14 19:00:00,2017-04-17 19:00:00,,2017-04-30 00:00:00
order_0048,customer_026,delivered,2017-09-26 08:00:00,2017-09-27 08:00:00,2017-09-30 08:00:00,2017-10-08 08:00:00,2017-10-19 08:00:00
order_0049,customer_028,delivered,2017-09-18 16:00:00,2017-09-20 04:00:00,2017-09-21 04:00:00,2017-09-26 04:00:00,2017-10-05 16:00:00
order_0050,customer_031,delivered,2017-12-17 04:00:00,2017-12-18 19:00:00,2017-12-19 19:00:00,2017-12-22 19:00:00,2017-12-29 04:00:00
order_0051,customer_035,delivered,2017-03-24 11:00:00,2017-03-24 17:00:00,2017-03-25 17:00:00,2017-03-27 17:00:00,2017-04-10 11:00:00
order_0052,customer_007,delivered,2017-10-14 09:00:00,2017-10-16 07:00:00,2017-10-18 07:00:00,2017-10-27 07:00:00,2017-11-08 09:00:00
order_0053,customer_017,canceled,2017-04-28 09:00:00,2017-04-29 01:00:00,2017-05-01 01:00:00,,2017-05-18 09:00:00
order_0054,customer_009,canceled,2017-09-25 05:00:00,2017-09-26 14:00:00,2017-09-29 14:00:00,,2017-10-02 05:00:00
order_0055,customer_004,processing,2016-12-01 11:00:00,2016-12-02 09:00:00,2016-12-05 09:00:00,,2016-12-12 11:00:00
order_0056,customer_000,processing,2016-12-25 15:00:00,2016-12-27 05:00:00,2016-12-30 05:00:00,,2017-01-18 15:00:00
order_0057,customer_031,shipped,2017-05-17 07:00:00,2017-05-18 14:00:00,2017-05-20 14:00:00,,2017-05-30 07:00:00
order_0058,customer_035,delivered,2017-06-21 10:00:00,2017-06-22 07:00:00,2017-06-23 07:00:00,2017-06-27 07:00:00,2017-07-12 10:00:00
order_0059,customer_024,shipped,2016-11-29 11:00:00,2016-11-29 14:00:00,2016-12-01 14:00:00,,2016-12-17 11:00:00
