order_id,order_item_id,product_id,seller_id,shipping_limit_date,price,freight_value
order_0000,1,product_012,seller_006,2017-11-20 20:00:00,395.6,32.73
order_0000,2,product_015,seller_000,2017-12-10 21:00:00,67.97,38.79
order_0000,3,product_014,seller_001,2017-11-15 20:00:00,219.86,20.99
order_0001,1,product_020,seller_002,2017-12-15 14:00:00,48.43,32.35
order_0001,2,product_019,seller_006,2017-11-18 07:00:00,266.94,34.81
order_0002,1,product_010,seller_007,2017-12-27 17:00:00,351.51,6.26
order_0002,2,product_020,seller_004,2017-12-04 21:00:00,399.02,31.14
order_0003,1,product_022,seller_001,2017-12-30 23:00:00,188.6,29.29
order_0003,2,product_010,seller_000,2017-12-22 17:00:00,131.48,18.12
order_0003,3,product_016,seller_006,2017-12-21 19:00:00,235.05,32.74
order_0004,1,product_019,seller_006,2017-11-24 20:00:00,255.49,13.43
order_0005,1,product_014,seller_004,2017-12-02 15:00:00,194.64,28.34
order_0006,1,product_017,seller_002,2017-11-24 15:00:00,48.07,38.08
order_0006,2,product_020,seller_006,2017-12-12 18:00:00,282.32,20.99
order_0006,3,product_012,seller_007,2017-12-09 06:00:00,60.53,18.35
order_0007,1,product_022,seller_004,2017-12-06 16:00:00,28.34,34.05
order_0007,2,product_000,seller_000,2017-12-13 17:00:00,366.03,31.08
order_0008,1,product_011,seller_003,2017-11-18 01:00:00,261.91,26.73
order_0008,2,product_024,seller_002,2017-11-20 23:00:00,258.73,36.62
order_0008,3,product_009,seller_007,2017-12-23 22:00:00,32.68,17.77
order_0009,1,product_010,seller_006,2017-11-27 13:00:00,86.74,9.63
order_0009,2,product_016,seller_004,2017-12-01 15:00:00,335.58,13.99
order_0010,1,product_010,seller_001,2017-11-13 17:00:00,197.97,7.64
order_0010,2,product_021,seller_006,2017-12-08 22:00:00,387.56,33.16
order_0010,3,product_012,seller_000,2017-12-08 03:00:00,120.49,9.33
order_0011,1,product_021,seller_004,2017-12-08 21:00:00,242.13,33.78
order_0011,2,product_021,seller_003,2017-11-26 14:00:00,199.16,26.68
order_0011,3,product_019,seller_003,2017-12-02 02:00:00,266.11,27.24
order_0012,1,product_020,seller_006,2017-12-29 15:00:00,64.34,6.59
order_0012,2,product_015,seller_001,2017-12-23 12:00:00,56.93,36.05
order_0013,1,product_011,seller_006,2017-12-05 04:00:00,243.19,30.43
order_0013,2,product_003,seller_007,2017-12-14 23:00:00,253.95,37.87
order_0014,1,product_011,seller_003,2017-12-08 21:00:00,188.49,38.27
order_0014,2,product_021,seller_005,2017-12-09 23:00:00,226.9,39.22
order_0014,3,product_012,seller_004,2017-12-02 22:00:00,92.13,9.28
order_0015,1,product_006,seller_000,2017-12-23 06:00:00,39.22,16.67
order_0015,2,product_006,seller_001,2017-11-24 18:00:00,335.33,24.4
order_0015,3,product_007,seller_005,2017-11-24 00:00:00,314.26,32.6
order_0016,1,product_004,seller_002,2017-12-24 03:00:00,225.28,32.95
order_0016,2,product_000,seller_002,2017-12-16 06:00:00,25.65,32.65
order_0017,1,product_000,seller_002,2017-12-05 08:00:00,120.84,9.44
order_0017,2,product_003,seller_001,2017-11-29 06:00:00,200.97,32.23
order_0018,1,product_014,seller_003,2017-11-11 03:00:00,379.26,6.52
order_0019,1,product_009,seller_007,2017-12-01 12:00:00,264.47,6.09
order_0019,2,product_013,seller_001,2017-12-27 22:00:00,206.3,36.84
order_0019,3,product_010,seller_002,2017-11-21 06:00:00,44.96,14.63
order_0020,1,product_022,seller_005,2017-12-13 10:00:00,164.74,25.91
order_0020,2,product_016,seller_006,2017-11-20 04:00:00,57.69,29.56
order_0020,3,product_024,seller_003,2017-12-05 14:00:00,183.43,36.08
order_0021,1,product_012,seller_006,2017-12-11 03:00:00,297.25,15.94
order_0021,2,product_008,seller_005,2017-12-01 22:00:00,382.37,29.04
order_0022,1,product_002,seller_001,2017-12-08 20:00:00,184.11,31.06
order_0023,1,product_001,seller_005,2017-11-19 11:00:00,274.61,19.38
order_0023,2,product_023,seller_000,2017-12-09 21:00:00,387.99,26.01
order_0023,3,product_018,seller_003,2017-12-25 13:00:00,78.8,21.88
order_0024,1,product_011,seller_001,2017-12-04 07:00:00,309.79,25.09
order_0024,2,product_024,seller_000,2017-11-17 16:00:00,251.42,28.02
order_0024,3,product_000,seller_002,2017-12-10 13:00:00,123.84,31.68
order_0025,1,product_005,seller_002,2017-12-22 01:00:00,235.2,19.03
order_0026,1,product_000,seller_001,2017-12-05 10:00:00,303.52,12.53
order_0026,2,product_010,seller_002,2017-11-12 06:00:00,160.62,30.26
order_0026,3,product_019,seller_001,2017-11-13 05:00:00,355.67,10.45
order_0027,1,product_021,seller_001,2017-11-30 05:00:00,123.4,28.17
order_0028,1,product_013,seller_004,2017-12-09 11:00:00,101.92,22.93
order_0028,2,product_003,seller_004,2017-11-28 03:00:00,277.72,25.76
order_0029,1,product_001,seller_003,2017-12-31 18:00:00,170.2,25.98
order_0029,2,product_009,seller_003,2017-12-13 14:00:00,311.59,31.75
order_0030,1,product_000,seller_007,2017-12-07 07:00:00,303.87,11.15
order_0031,1,product_007,seller_005,2017-12-29 11:00:00,47.39,35.16
order_0031,2,product_000,seller_007,2017-11-25 11:00:00,370.04,35.17
order_0031,3,product_018,seller_006,2017-12-24 12:00:00,289.61,19.62
order_0032,1,product_010,seller_002,2017-11-17 13:00:00,324.5,26.63
order_0033,1,product_013,seller_001,2017-11-28 22:00:00,112.46,25.61
order_0034,1,product_009,seller_005,2017-12-27 08:00:00,104.2,32.27
order_0034,2,product_020,seller_001,2017-11-12 13:00:00,221.63,11.79
order_0035,1,product_023,seller_002,2017-12-19 19:00:00,109.78,10.13
order_0035,2,product_019,seller_002,2017-12-20 04:00:00,308.88,27.94
order_0036,1,product_014,seller_007,2017-11-20 04:00:00,278.83,35.87
order_0036,2,product_019,seller_005,2017-12-22 10:00:00,348.41,26.95
order_0037,1,product_015,seller_007,2017-11-24 23:00:00,259.93,32.87
order_0038,1,product_016,seller_001,2017-12-28 13:00:00,137.95,20.82
order_0038,2,product_009,seller_001,2017-12-26 05:00:00,264.97,39.21
order_0039,1,product_016,seller_006,2017-11-11 01:00:00,195.83,24.4
order_0039,2,product_001,seller_007,2017-12-19 14:00:00,365.44,25.01
order_0039,3,product_019,seller_007,2017-12-03 21:00:00,210.52,38.52
order_0040,1,product_022,seller_001,2017-12-16 02:00:00,211.73,11.04
order_0040,2,product_014,seller_007,2017-12-08 13:00:00,219.15,26.34
order_0041,1,product_012,seller_006,2017-12-28 04:00:00,314.3,28.76
order_0041,2,product_020,seller_005,2017-11-18 12:00:00,45.05,8.31
order_0042,1,product_008,seller_002,2017-12-22 13:00:00,146.68,25.4
order_0042,2,product_009,seller_006,2017-12-26 15:00:00,69.0,29.81
order_0043,1,product_012,seller_005,2017-11-14 03:00:00,329.01,28.45
order_0043,2,product_016,seller_001,2017-12-09 00:00:00,265.49,19.82
order_0043,3,product_011,seller_004,2017-11-12 09:00:00,88.5,12.5
order_0044,1,product_007,seller_002,2017-11-11 21:00:00,78.88,15.35
order_0045,1,product_024,seller_000,2017-11-22 20:00:00,271.53,35.67
order_0045,2,product_019,seller_006,2017-11-17 05:00:00,78.62,11.33
order_0045,3,product_005,seller_007,2017-11-15 17:00:00,36.6,17.75
order_0046,1,product_019,seller_004,2017-12-17 07:00:00,305.91,32.43
order_0046,2,product_007,seller_004,2017-12-19 13:00:00,386.93,32.45
order_0047,1,product_018,seller_007,2017-12-07 08:00:00,195.44,14.86
order_0047,2,product_016,seller_006,2017-11-23 20:00:00,387.18,33.59
order_0047,3,product_008,seller_000,2017-11-26 21:00:00,263.65,35.59
order_0048,1,product_016,seller_001,2017-12-14 10:00:00,128.32,31.71
order_0048,2,product_016,seller_002,2017-12-17 10:00:00,335.8,8.21
order_0048,3,product_011,seller_000,2017-12-08 17:00:00,177.66,18.88
order_0049,1,product_002,seller_005,2017-12-25 02:00:00,105.32,16.15
order_0049,2,product_020,seller_005,2017-12-13 09:00:00,320.72,9.82
order_0050,1,product_004,seller_007,2017-12-27 00:00:00,190.47,5.18
order_0050,2,product_008,seller_003,2017-11-15 05:00:00,337.29,24.21
order_0050,3,product_016,seller_006,2017-12-12 21:00:00,62.25,15.08
order_0051,1,product_007,seller_006,2017-12-27 21:00:00,262.8,26.8
order_0052,1,product_019,seller_000,2017-11-16 20:00:00,260.14,25.13
order_0052,2,product_009,seller_006,2017-11-25 11:00:00,20.59,17.35
order_0053,1,product_021,seller_001,2017-11-28 07:00:00,218.92,17.62
order_0054,1,product_016,seller_000,2017-11-21 12:00:00,168.37,21.45
order_0054,2,product_011,seller_004,2017-12-27 13:00:00,303.98,17.5
order_0054,3,product_007,seller_001,2017-12-10 20:00:00,313.17,30.73
order_0055,1,product_011,seller_005,2017-11-12 03:00:00,329.13,11.13
order_0056,1,product_022,seller_007,2017-12-27 02:00:00,260.06,33.4
order_0056,2,product_024,seller_007,2017-11-11 18:00:00,34.05,12.06
order_0057,1,product_010,seller_004,2017-11-27 09:00:00,215.85,39.62
order_0058,1,product_001,seller_003,2017-12-28 04:00:00,128.72,35.17
order_0058,2,product_010,seller_004,2017-12-06 01:00:00,67.3,17.88
order_0059,1,product_012,seller_005,2017-11-30 13:00:00,390.01,22.37
order_0059,2,product_016,seller_004,2017-12-26 11:00:00,324.44,30.45
