review_id,order_id,review_score,review_comment_title,review_comment_message,review_creation_date,review_answer_timestamp
review_0000,order_0000,4,,,2017-12-15 02:00:00,2017-12-18 02:00:00
review_0001,order_0001,5,,,2017-12-28 23:00:00,2018-01-02 23:00:00
review_0003,order_0003,5,,,2017-12-27 19:00:00,2017-12-30 19:00:00
review_0005,order_0005,2,,,2017-12-09 06:00:00,2017-12-13 06:00:00
review_0006,order_0006,5,,,2017-12-17 23:00:00,2017-12-21 23:00:00
review_0007,order_0007,4,,,2017-12-17 06:00:00,2017-12-18 06:00:00
review_0008,order_0008,3,,,2017-12-09 00:00:00,2017-12-13 00:00:00
review_0009,order_0009,1,,,2017-12-08 18:00:00,2017-12-13 18:00:00
review_0010,order_0010,4,,,2017-12-20 02:00:00,2017-12-21 02:00:00
review_0011,order_0011,1,,,2017-12-02 22:00:00,2017-12-06 22:00:00
review_0012,order_0012,4,,,2017-12-26 20:00:00,2017-12-30 20:00:00
review_0013,order_0013,4,,,2017-12-17 12:00:00,2017-12-21 12:00:00
review_0014,order_0014,5,,,2017-12-27 04:00:00,2017-12-30 04:00:00
review_0015,order_0015,5,,,2017-12-19 08:00:00,2017-12-21 08:00:00
review_0016,order_0016,2,,,2017-12-06 00:00:00,2017-12-07 00:00:00
review_0018,order_0018,5,,,2017-12-18 07:00:00,2017-12-22 07:00:00
review_0020,order_0020,3,,,2017-12-27 16:00:00,2017-12-29 16:00:00
review_0022,order_0022,1,,,2017-12-30 03:00:00,2018-01-03 03:00:00
review_0023,order_0023,1,,,2017-12-24 18:00:00,2017-12-25 18:00:00
review_0024,order_0024,1,,,2017-12-17 05:00:00,2017-12-18 05:00:00
review_0025,order_0025,1,,,2017-12-19 10:00:00,2017-12-21 10:00:00
review_0026,order_0026,1,,,2017-12-27 08:00:00,2017-12-30 08:00:00
review_0027,order_0027,5,,,2017-12-21 06:00:00,2017-12-26 06:00:00
review_0028,order_0028,3,,,2017-12-24 15:00:00,2017-12-26 15:00:00
review_0030,order_0030,4,,,2017-12-22 16:00:00,2017-12-23 16:00:00
review_0031,order_0031,5,,,2017-12-03 01:00:00,2017-12-05 01:00:00
review_0032,order_0032,4,,,2017-12-14 09:00:00,2017-12-15 09:00:00
review_0035,order_0035,5,,,2017-12-21 02:00:00,2017-12-25 02:00:00
review_0036,order_0036,3,,,2017-12-19 19:00:00,2017-12-24 19:00:00
review_0037,order_0037,2,,,2017-12-22 02:00:00,2017-12-24 02:00:00
review_0040,order_0040,4,,,2017-12-14 08:00:00,2017-12-16 08:00:00
review_0041,order_0041,3,,,2017-12-25 14:00:00,2017-12-26 14:00:00
review_0044,order_0044,2,,,2017-12-30 16:00:00,2018-01-03 16:00:00
review_0045,order_0045,5,,,2017-12-30 22:00:00,2018-01-01 22:00:00
review_0047,order_0047,5,,,2017-12-25 09:00:00,2017-12-27 09:00:00
review_0049,order_0049,1,,,2017-12-25 18:00:00,2017-12-26 18:00:00
review_0050,order_0050,4,,,2017-12-02 17:00:00,2017-12-07 17:00:00
review_0051,order_0051,4,,,2017-12-02 17:00:00,2017-12-07 17:00:00
review_0052,order_0052,3,,,2017-12-19 10:00:00,2017-12-24 10:00:00
review_0053,order_0053,3,,,2017-12-23 13:00:00,2017-12-28 13:00:00
review_0055,order_0055,4,,,2017-12-07 14:00:00,2017-12-09 14:00:00
review_0056,order_0056,4,,,2017-12-30 06:00:00,2018-01-01 06:00:00
review_0057,order_0057,1,,,2017-12-23 07:00:00,2017-12-28 07:00:00
review_0058,order_0058,4,,,2017-12-22 20:00:00,2017-12-24 20:00:00
review_0059,order_0059,4,,,2017-12-13 17:00:00,2017-12-17 17:00:00
