order_id,payment_sequential,payment_type,payment_installments,payment_value
order_0000,1, voucher ,2,184.12
order_0001,1,voucher,7,108.32
order_0001,2, debit_card ,1,371.6
order_0002,1,Debit_card,1,65.27
order_0002,2, debit_card ,3,477.81
order_0003,1,DEBIT_CARD,2,140.92
order_0004,1, voucher ,10,45.22
order_0004,2,boleto,6,204.85
order_0005,1,boleto,7,177.76
order_0006,1,boleto,1,375.77
order_0006,2,debit_card,9,85.35
order_0007,1,Debit_card,10,164.22
order_0007,2,Debit_card,3,430.83
order_0008,1,boleto,8,498.71
order_0008,2,voucher,2,288.5
order_0009,1,voucher,3,403.04
order_0009,2,BOLETO,4,402.27
order_0010,1,DEBIT_CARD,9,298.97
order_0011,1,boleto,2,60.9
order_0011,2,debit_card,8,277.08
order_0012,1,CREDIT_CARD,6,331.9
order_0012,2,debit_card,9,191.92
order_0013,1,boleto,1,420.75
order_0014,1,Voucher,6,469.33
order_0015,1,voucher,9,450.62
order_0016,1,Voucher,9,158.99
order_0017,1,credit_card,3,308.15
order_0017,2,Boleto,10,368.7
order_0018,1,credit_card,1,68.17
order_0018,2,voucher,10,225.8
order_0019,1,debit_card,9,166.15
order_0020,1,Debit_card,7,169.79
order_0020,2,credit_card,3,236.61
order_0021,1,Debit_card,10,97.52
order_0021,2,voucher,6,488.43
order_0022,1,voucher,2,179.98
order_0023,1,Credit_card,4,96.21
order_0023,2,Credit_card,7,436.16
order_0024,1,boleto,3,412.33
order_0024,2,Voucher,3,264.18
order_0025,1,debit_card,8,40.89
order_0025,2,debit_card,4,131.12
order_0026,1,CREDIT_CARD,8,310.83
order_0026,2,Debit_card,1,428.17
order_0027,1,boleto,6,389.01
order_0027,2,VOUCHER,1,298.03
order_0028,1,voucher,2,211.58
order_0029,1,voucher,10,349.79
order_0029,2,CREDIT_CARD,2,215.13
order_0030,1,voucher,4,313.16
order_0030,2,debit_card,1,48.29
order_0031,1,debit_card,3,314.94
order_0031,2, boleto ,10,179.71
order_0032,1,voucher,9,419.3
order_0032,2,debit_card,5,253.2
order_0033,1, voucher ,2,490.55
order_0034,1,credit_card,5,484.52
order_0034,2,boleto,10,255.81
order_0035,1,boleto,4,44.84
order_0035,2,Credit_card,8,177.44
order_0036,1,debit_card,7,265.86
order_0037,1,credit_card,9,127.45
order_0037,2,voucher,8,276.97
order_0038,1,boleto,9,190.89
order_0038,2,voucher,5,316.74
order_0039,1,Boleto,5,135.69
order_0040,1,voucher,8,179.01
order_0040,2,voucher,5,165.26
order_0041,1,debit_card,3,166.51
order_0041,2,voucher,2,192.79
order_0042,1,voucher,4,124.97
order_0042,2,voucher,5,94.52
order_0043,1,BOLETO,9,136.07
order_0044,1,CREDIT_CARD,6,367.16
order_0045,1,BOLETO,9,489.62
order_0046,1,debit_card,8,254.4
order_0047,1, voucher ,1,456.73
order_0048,1,boleto,1,459.22
order_0049,1,debit_card,3,468.94
order_0050,1,debit_card,3,470.21
order_0051,1,CREDIT_CARD,10,313.31
order_0051,2,Voucher,9,276.43
order_0052,1,Debit_card,2,185.42
order_0053,1,voucher,1,376.21
order_0053,2,voucher,4,112.48
order_0054,1,debit_card,2,218.39
order_0054,2,Credit_card,3,254.4
order_0055,1,Credit_card,4,239.97
order_0056,1, voucher ,10,35.37
order_0056,2,voucher,1,343.86
order_0057,1,Voucher,9,463.86
order_0057,2,voucher,5,202.75
order_0058,1,boleto,8,102.0
order_0059,1,debit_card,8,385.95
order_0059,2,boleto,10,440.37
