product_id,product_name,product_category_name,product_name_lenght,product_description_lenght,product_photos_qty,product_weight_g,product_length_cm,product_height_cm,product_width_cm
product_000,Modern Keyboard,informatica_acessorios,38,1306,3,206,53,15,32
product_001,Essential Water Bottle,esporte_lazer,23,1663,3,1774,10,29,11
product_002,Portable Yoga Mat,esporte_lazer,12,1594,4,8885,12,29,10
product_003,Essential Laptop Stand,informatica_acessorios,33,1282,2,1239,7,19,23
product_004,Deluxe Chair,moveis_decoracao,34,669,4,6077,15,28,27
product_005,Everyday Headphones,eletronicos,54,1499,6,1269,43,15,39
product_006,Classic Cable,eletronicos,34,652,6,3698,48,25,8
product_007,Compact Headphones,eletronicos,35,648,1,3556,41,25,18
product_008,Modern Diffuser,beleza_saude,19,642,2,4140,52,40,39
product_009,Pro Resistance Band,esporte_lazer,47,917,3,3693,13,37,36
product_010,Compact Chair,moveis_decoracao,19,1385,2,7016,43,9,29
product_011,Sport Diffuser,beleza_saude,43,614,5,288,48,12,39
product_012,Everyday Yoga Mat,esporte_lazer,17,701,4,2691,34,5,21
product_013,Classic Laptop Stand,informatica_acessorios,16,1882,6,4989,58,37,17
product_014,Portable Charger,eletronicos,44,1694,5,109,43,25,36
product_015,Premium Cushion,moveis_decoracao,29,590,1,4046,41,10,10
product_016,Premium Mirror,beleza_saude,18,1451,4,2805,21,38,32
product_017,Elegant Charger,eletronicos,55,738,4,6218,33,38,33
product_018,Deluxe Shelf,moveis_decoracao,14,792,1,3870,42,19,5
product_019,Pro Lamp,moveis_decoracao,13,568,1,614,60,26,9
product_020,Deluxe Webcam,informatica_acessorios,52,1094,2,8934,13,35,20
product_021,Modern Mirror,beleza_saude,16,298,6,7162,27,32,31
product_022,Pro Brush Set,beleza_saude,53,1438,6,1712,8,30,26
product_023,Deluxe Shelf,moveis_decoracao,22,1198,4,2396,32,16,22
product_024,Deluxe Brush Set,beleza_saude,38,1754,5,1704,8,39,5
